Name,Hyperlink
TheFamousPeople,https://www.thefamouspeople.com//www.thefamouspeople.com/
Lists,https://www.thefamouspeople.com//lists.thefamouspeople.com
Profession,https://www.thefamouspeople.com//www.thefamouspeople.com/profession.php
Born Today,https://www.thefamouspeople.com//www.thefamouspeople.com/famous-people-born-today.php
Quiz,https://www.thefamouspeople.com//quiz.thefamouspeople.com
Birthdays,https://www.thefamouspeople.com//www.thefamouspeople.com/famous-people-by-birthday.php
TFP,https://www.thefamouspeople.com//www.thefamouspeople.com/
Advanced Search,https://www.thefamouspeople.com//www.thefamouspeople.com/advanced_search.php
Lists,https://www.thefamouspeople.com//lists.thefamouspeople.com
This Day In History,https://www.thefamouspeople.com//thisday.thefamouspeople.com
Profession,https://www.thefamouspeople.com//www.thefamouspeople.com/profession.php
Quiz Time,https://www.thefamouspeople.com//quiz.thefamouspeople.com
Born Today,https://www.thefamouspeople.com//www.thefamouspeople.com/famous-people-born-today.php
Died Today,https://www.thefamouspeople.com//www.thefamouspeople.com/famous-people-died-today.php
Quotes,https://www.thefamouspeople.com//quotes.thefamouspeople.com
Recent,https://www.thefamouspeople.com//www.thefamouspeople.com/recent.php
Advanced Search,https://www.thefamouspeople.com//www.thefamouspeople.com/advanced_search.php
Mahatma Gandhi,https://www.thefamouspeople.com//www.thefamouspeople.com/profiles/mahatma-gandhi-55.php
A.P.J. Abdul Kalam,https://www.thefamouspeople.com//www.thefamouspeople.com/profiles/a-p-j-abdul-kalam-590.php
B. R. Ambedkar,https://www.thefamouspeople.com//www.thefamouspeople.com/profiles/b-r-ambedkar-3657.php
India,https://www.thefamouspeople.com//www.thefamouspeople.com/india.php
Political Leaders,https://www.thefamouspeople.com//www.thefamouspeople.com/indian-political-leaders.php
Narendra Modi,https://www.thefamouspeople.com//www.thefamouspeople.com/profiles/narendra-modi-6147.php
Bhagat Singh,https://www.thefamouspeople.com//www.thefamouspeople.com/profiles/bhagat-singh-6820.php
Subhas Chandra Bose,https://www.thefamouspeople.com//www.thefamouspeople.com/profiles/subhash-chandra-bose-4024.php
Revolutionaries,https://www.thefamouspeople.com//www.thefamouspeople.com/indian-revolutionaries.php
Presidents,https://www.thefamouspeople.com//www.thefamouspeople.com/indian-presidents.php
Indira Gandhi,https://www.thefamouspeople.com//www.thefamouspeople.com/profiles/indira-gandhi-47.php
Atal Bihari Vajpayee,https://www.thefamouspeople.com//www.thefamouspeople.com/profiles/atal-bihari-vajpayee-3649.php
Sardar Vallabhbhai Patel,https://www.thefamouspeople.com//www.thefamouspeople.com/profiles/sardar-patel-4116.php
Prime Ministers,https://www.thefamouspeople.com//www.thefamouspeople.com/indian-prime-ministers.php
Military Leaders,https://www.thefamouspeople.com//www.thefamouspeople.com/indian-military-leaders.php
Lal Bahadur Shastri,https://www.thefamouspeople.com//www.thefamouspeople.com/profiles/lal-bahadur-shastri-5289.php
Manmohan Singh,https://www.thefamouspeople.com//www.thefamouspeople.com/profiles/manmohan-singh-4960.php
Jawaharlal Nehru,https://www.thefamouspeople.com//www.thefamouspeople.com/profiles/jawaharlal-nehru-49.php
Bal Gangadhar Tilak,https://www.thefamouspeople.com//www.thefamouspeople.com/profiles/bal-gangadhar-tilak-5280.php
K. Kamaraj,https://www.thefamouspeople.com//www.thefamouspeople.com/profiles/k-kamaraj-7431.php
Rajendra Prasad,https://www.thefamouspeople.com//www.thefamouspeople.com/profiles/rajendra-prasad-5284.php
Chandra Shekhar Azad,https://www.thefamouspeople.com//www.thefamouspeople.com/profiles/chandra-shekhar-azad-6837.php
Morarji Desai,https://www.thefamouspeople.com//www.thefamouspeople.com/profiles/morarji-desai-5292.php
Mangal Pandey,https://www.thefamouspeople.com//www.thefamouspeople.com/profiles/mangal-pandey-7025.php
P. V. Narasimha Rao,https://www.thefamouspeople.com//www.thefamouspeople.com/profiles/p-v-narasimha-rao-5510.php
Birsa Munda,https://www.thefamouspeople.com//www.thefamouspeople.com/profiles/birsa-munda-5519.php
Lala Lajpat Rai,https://www.thefamouspeople.com//www.thefamouspeople.com/profiles/lala-lajpat-rai-5307.php
C. Rajagopalachari,https://www.thefamouspeople.com//www.thefamouspeople.com/profiles/c-rajagopalachari-5304.php
Vinayak Damodar Savarkar,https://www.thefamouspeople.com//www.thefamouspeople.com/profiles/vinayak-damodar-savarkar-9957.php
Jayaprakash Narayan,https://www.thefamouspeople.com//www.thefamouspeople.com/profiles/jayaprakash-narayan-7121.php
Sam Manekshaw,https://www.thefamouspeople.com//www.thefamouspeople.com/profiles/sam-manekshaw-5310.php
K. R. Narayanan,https://www.thefamouspeople.com//www.thefamouspeople.com/profiles/k-r-narayanan-6400.php
Dadabhai Naoroji,https://www.thefamouspeople.com//www.thefamouspeople.com/profiles/dadabhai-naoroji-5283.php
Arvind Kejriwal,https://www.thefamouspeople.com//www.thefamouspeople.com/profiles/arvind-kejriwal-5423.php
L. K. Advani,https://www.thefamouspeople.com//www.thefamouspeople.com/profiles/l-k-advani-5506.php
Dr Zakir Husain,https://www.thefamouspeople.com//www.thefamouspeople.com/profiles/dr-zakir-hussain-5298.php
Maulana Abul Kalam Azad,https://www.thefamouspeople.com//www.thefamouspeople.com/profiles/maulana-abul-kalam-azad-5282.php
Begum Hazrat Mahal,https://www.thefamouspeople.com//www.thefamouspeople.com/profiles/begum-hazrat-mahal-5518.php
Gopal Krishna Gokhale,https://www.thefamouspeople.com//www.thefamouspeople.com/profiles/gopal-krishna-gokhale-5389.php
Neelam Sanjiva Reddy,https://www.thefamouspeople.com//www.thefamouspeople.com/profiles/neelam-sanjiva-reddy-34080.php
Maneka Gandhi,https://www.thefamouspeople.com//www.thefamouspeople.com/profiles/maneka-gandhi-44576.php
Pratibha Patil,https://www.thefamouspeople.com//www.thefamouspeople.com/profiles/pratibha-patil-13929.php
Arjan Singh,https://www.thefamouspeople.com//www.thefamouspeople.com/profiles/arjan-singh-20368.php
Shankar Dayal Sharma,https://www.thefamouspeople.com//www.thefamouspeople.com/profiles/shankar-dayal-sharma-34083.php
Zail Singh,https://www.thefamouspeople.com//www.thefamouspeople.com/profiles/zail-singh-5351.php
Madan Mohan Malaviya,https://www.thefamouspeople.com//www.thefamouspeople.com/profiles/madan-mohan-malaviya-7444.php
Gulzarilal Nanda,https://www.thefamouspeople.com//www.thefamouspeople.com/profiles/gulzarilal-nanda-7465.php
Hari Singh Nalwa,https://www.thefamouspeople.com//www.thefamouspeople.com/profiles/hari-singh-nalwa-20998.php
Fakhruddin Ali Ahmed,https://www.thefamouspeople.com//www.thefamouspeople.com/profiles/fakhruddin-ali-ahmed-34078.php
Syama Prasad Mookerjee,https://www.thefamouspeople.com//www.thefamouspeople.com/profiles/syama-prasad-mookerjee-5315.php
V. V. Giri,https://www.thefamouspeople.com//www.thefamouspeople.com/profiles/v-v-giri-7476.php
Bidhan Chandra Roy,https://www.thefamouspeople.com//www.thefamouspeople.com/profiles/bidhan-chandra-roy-7454.php
V. P. Singh,https://www.thefamouspeople.com//www.thefamouspeople.com/profiles/v-p-singh-5527.php
Govind Ballabh Pant,https://www.thefamouspeople.com//www.thefamouspeople.com/profiles/govind-ballabh-pant-7438.php
Tantia Tope,https://www.thefamouspeople.com//www.thefamouspeople.com/profiles/tantia-tope-53274.php
Surya Sen,https://www.thefamouspeople.com//www.thefamouspeople.com/profiles/surya-sen-7013.php
Chittaranjan Das,https://www.thefamouspeople.com//www.thefamouspeople.com/profiles/chittaranjan-das-5297.php
Ram Nath Kovind,https://www.thefamouspeople.com//www.thefamouspeople.com/profiles/ram-nath-kovind-32987.php
Nana Saheb,https://www.thefamouspeople.com//www.thefamouspeople.com/profiles/nana-saheb-51927.php
V. K. Krishna Menon,https://www.thefamouspeople.com//www.thefamouspeople.com/profiles/v-k-krishna-menon-5330.php
Actresses,https://www.thefamouspeople.com//www.thefamouspeople.com/actress.php
Football Players,https://www.thefamouspeople.com//www.thefamouspeople.com/football-players.php
Grouping Of People,https://www.thefamouspeople.com//www.thefamouspeople.com/grouping.php
Recent,https://www.thefamouspeople.com//www.thefamouspeople.com/recent.php
This Day In History,https://www.thefamouspeople.com//thisday.thefamouspeople.com
SITE MAP,https://www.thefamouspeople.com//www.thefamouspeople.com/profiles/index.php
Cookie Policy,https://www.thefamouspeople.com//www.thefamouspeople.com/manage_cookies.php
PRIVACY POLICY,https://www.thefamouspeople.com//www.thefamouspeople.com/privacy-policy.php
CONTACT US,https://www.thefamouspeople.com//www.thefamouspeople.com/contact-us.php
ABOUT US,https://www.thefamouspeople.com//www.thefamouspeople.com/about_us.php
JOBS,https://www.thefamouspeople.com//www.thefamouspeople.com/jobs.php
Famous People,https://www.thefamouspeople.com//www.thefamouspeople.com
